subject_id,day,start_time,nTrigliceridesMaxDia
15783202,1,2117-12-20 16:40:48.000000 UTC,
11959081,1,2186-03-03 14:29:43.000000 UTC,
19146753,1,2149-11-23 13:22:54.000000 UTC,
10197945,1,2133-06-30 16:31:26.000000 UTC,
10578563,1,2160-11-29 01:04:39.000000 UTC,
18612858,1,2155-05-09 15:56:21.000000 UTC,
12606435,1,2145-11-07 03:34:12.000000 UTC,
10197945,2,2133-07-01 16:31:26.000000 UTC,
10578563,2,2160-11-30 01:04:39.000000 UTC,
12925639,2,2126-04-21 17:09:00.000000 UTC,
18612858,2,2155-05-10 15:56:21.000000 UTC,
12606435,2,2145-11-08 03:34:12.000000 UTC,
19146753,2,2149-11-24 13:22:54.000000 UTC,
11959081,2,2186-03-04 14:29:43.000000 UTC,
15783202,2,2117-12-21 16:40:48.000000 UTC,
10578563,3,2160-12-01 01:04:39.000000 UTC,
15783202,3,2117-12-22 16:40:48.000000 UTC,
18612858,3,2155-05-11 15:56:21.000000 UTC,
19146753,3,2149-11-25 13:22:54.000000 UTC,
12925639,3,2126-04-22 17:09:00.000000 UTC,
10197945,3,2133-07-02 16:31:26.000000 UTC,
14039848,3,2153-03-01 20:25:00.000000 UTC,
12606435,3,2145-11-09 03:34:12.000000 UTC,
15783202,4,2117-12-23 16:40:48.000000 UTC,
10197945,4,2133-07-03 16:31:26.000000 UTC,
14039848,4,2153-03-02 20:25:00.000000 UTC,
11959081,4,2186-03-06 14:29:43.000000 UTC,
18612858,4,2155-05-12 15:56:21.000000 UTC,
12606435,4,2145-11-10 03:34:12.000000 UTC,
19146753,4,2149-11-26 13:22:54.000000 UTC,
10578563,4,2160-12-02 01:04:39.000000 UTC,
12925639,4,2126-04-23 17:09:00.000000 UTC,
12606435,5,2145-11-11 03:34:12.000000 UTC,
19146753,5,2149-11-27 13:22:54.000000 UTC,
15783202,5,2117-12-24 16:40:48.000000 UTC,
10197945,5,2133-07-04 16:31:26.000000 UTC,
10578563,5,2160-12-03 01:04:39.000000 UTC,
18612858,5,2155-05-13 15:56:21.000000 UTC,
15783202,6,2117-12-25 16:40:48.000000 UTC,
10578563,6,2160-12-04 01:04:39.000000 UTC,
10197945,6,2133-07-05 16:31:26.000000 UTC,
18612858,6,2155-05-14 15:56:21.000000 UTC,
12606435,6,2145-11-12 03:34:12.000000 UTC,
19146753,6,2149-11-28 13:22:54.000000 UTC,
10578563,7,2160-12-05 01:04:39.000000 UTC,
12606435,7,2145-11-13 03:34:12.000000 UTC,
10197945,7,2133-07-06 16:31:26.000000 UTC,
15783202,7,2117-12-26 16:40:48.000000 UTC,
18612858,7,2155-05-15 15:56:21.000000 UTC,
19146753,7,2149-11-29 13:22:54.000000 UTC,
10578563,8,2160-12-06 01:04:39.000000 UTC,
10197945,8,2133-07-07 16:31:26.000000 UTC,
19146753,8,2149-11-30 13:22:54.000000 UTC,
12606435,8,2145-11-14 03:34:12.000000 UTC,
10578563,9,2160-12-07 01:04:39.000000 UTC,
10197945,9,2133-07-08 16:31:26.000000 UTC,
10578563,10,2160-12-08 01:04:39.000000 UTC,
10197945,10,2133-07-09 16:31:26.000000 UTC,
10197945,11,2133-07-10 16:31:26.000000 UTC,
10578563,11,2160-12-09 01:04:39.000000 UTC,
10197945,12,2133-07-11 16:31:26.000000 UTC,
10197945,13,2133-07-12 16:31:26.000000 UTC,
14039848,1,2153-02-27 20:25:00.000000 UTC,102.0
12925639,1,2126-04-20 17:09:00.000000 UTC,106.0
11959081,3,2186-03-05 14:29:43.000000 UTC,133.0
14039848,2,2153-02-28 20:25:00.000000 UTC,208.0